Designator,Footprint,Quantity,Value,LCSC Part #
"C1_6, C1_5, C1_4, C1_3, C1_2, C1",0603,6,10u,C19702
"C2_6, C2_5, C2_4, C2_3, C2_2, C2, C3_6, C3_5, C3_4, C3_3, C3_2, C3, C4_6, C4_5, C4_4, C4_3, C4_2, C4",0402,18,100n,C1525
"D1_6, D1_5, D1_4, D1_3, D1_2, D1",0603,6,Power,C72043
"D2_6, D2_5, D2_4, D2_3, D2_2, D2",0603,6,Status,C72041
"D3_6, D3_5, D3_4, D3_3, D3_2, D3",LED_WS2812B_PLCC4_5.0x5.0mm_P3.2mm,6,WS2812B,C2761795
"H1_6, H1_5, H1_4, H1_3, H1_2, H1",Stabilizer_Cherry_MX_2.00u,6,Stabilizer,
"P1_6, P1_5, P1_4, P1_3, P1_2, P1",USB_C_Receptacle_HRO_TYPE-C-31-M-12,6,USB_C_Plug_USB2.0,
"R1_6, R1_5, R1_4, R1_3, R1_2, R1, R2_6, R2_5, R2_4, R2_3, R2_2, R2",0402,12,5.1k,C25905
"R3_6, R3_5, R3_4, R3_3, R3_2, R3, R4_6, R4_5, R4_4, R4_3, R4_2, R4",0402,12,1k,C11702
"R5_6, R5_5, R5_4, R5_3, R5_2, R5",0402,6,10k,C25744
"R6_6, R6_5, R6_4, R6_3, R6_2, R6",0402,6,330,C25104
"SW1_6, SW1_5, SW1_4, SW1_3, SW1_2, SW1",SolderJumper-2_P1.3mm_Open_RoundedPad1.0x1.5mm,6,Reset,
"SW2_6, SW2_5, SW2_4, SW2_3, SW2_2, SW2",SolderJumper-2_P1.3mm_Open_RoundedPad1.0x1.5mm,6,Boot,
"SW3_6, SW3_5, SW3_4, SW3_3, SW3_2, SW3",SW_Hotswap_Kailh_MX_1.00u,6,P15,
"U2_6, U2_5, U2_4, U2_3, U2_2, U2",MSOP-10_3x3mm_P0.5mm,6,CH552E,C967938
